{
  "mean": [
    0.5240584409767849,
    0.46298033082428586,
    0.5047405091073819
  ],
  "std": [
    0.29847768575572675,
    0.27786935439894733,
    0.30135471702865363
  ],
  "images": 159,
  "variants_per_image": 4
}